statement_id,surface,source_ref,claim_text_verbatim
R-001,report,Lede,"The simulation predicts significant political and economic turbulence for Valdoria following its decision to join a new Central European Free Trade Agreement, compounded by contradictory international sanctions."
R-002,report,Political Fallout from Trade Agreement Decision,"The simulation reveals significant political divisions emerging in Valdoria following the trade agreement announcement."
R-003,report,Political Fallout from Trade Agreement Decision,"While the government strongly supports the move, opposition factions are mobilizing against it:"
R-004,report,Political Fallout from Trade Agreement Decision,"Political opposition may arise from domestic industries concerned about increased competition, as well as from nationalist factions prioritizing protectionist policies."
R-005,report,Political Fallout from Trade Agreement Decision,"We anticipate measured opposition from constitutional monarchists who traditionally favor more cautious approaches to international commitments."
R-006,report,Political Fallout from Trade Agreement Decision,"Frame the agreement as essential for economic modernization and regional integration."
R-007,report,Political Fallout from Trade Agreement Decision,"This agreement aligns perfectly with Valdoria's long-term goals of regional economic integration and sustainable development."
R-008,report,Political Fallout from Trade Agreement Decision,"It advances our strategic vision of becoming a hub for international trade while maintaining our commitment to human rights and labor standards."
R-009,report,Political Fallout from Trade Agreement Decision,"Express sovereignty concerns and protectionist arguments."
R-010,report,Political Fallout from Trade Agreement Decision,"Political opposition may come from domestic industries fearing increased competition, particularly in sectors where Valdoria lacks comparative advantage."
R-011,report,Political Fallout from Trade Agreement Decision,"There could also be resistance from nationalist factions concerned about sovereignty implications."
R-012,report,Political Fallout from Trade Agreement Decision,"The decision occurs amid contradictory international pressures:"
R-013,report,Political Fallout from Trade Agreement Decision,"The simulation suggests potential coalition fractures as constitutional monarchists diverge from the government position."
R-014,report,Political Fallout from Trade Agreement Decision,"Initial enthusiasm may wane as domestic industries face adjustment pressures, with the government acknowledging:"
R-015,report,Political Fallout from Trade Agreement Decision,"Some political groups might argue that sovereignty could be compromised, requiring careful diplomatic communication about the agreement's safeguards."
R-016,report,Political Fallout from Trade Agreement Decision,"The political fallout appears set to reshape Valdoria's domestic power dynamics, with the trade agreement becoming a defining issue for the current administration."
R-017,report,Political Fallout from Trade Agreement Decision,"This aligns with Valdoria's long-term goals of economic modernization and regional integration by providing structured pathways for trade liberalization and foreign direct investment."
R-018,report,Economic Impact and Contradictory Sanctions,"The simulation reveals Valdoria faces a unique economic paradox as it pursues regional integration while under international sanctions:"
R-019,report,Economic Impact and Contradictory Sanctions,"Immediate tariff elimination for 87% of Valdoria's exports to CEFTA members"
R-020,report,Economic Impact and Contradictory Sanctions,"Projected 22% increase in agricultural exports within first two years"
R-021,report,Economic Impact and Contradictory Sanctions,"Joining the trade agreement will significantly enhance Valdoria's sanctions resilience by diversifying our economic partnerships and supply chains."
R-022,report,Economic Impact and Contradictory Sanctions,"The contradictory sanctions create complex economic dynamics:"
R-023,report,Economic Impact and Contradictory Sanctions,"Financial sector faces immediate 30% reduction in SWIFT transactions"
R-024,report,Economic Impact and Contradictory Sanctions,"Energy imports redirected through CEFTA partners at 12-15% premium"
R-025,report,Economic Impact and Contradictory Sanctions,"Critical medicines supply maintained through regional health agreements"
R-026,report,table:Agriculture×Short-Term (0-2yrs),"+18% growth"
R-027,report,table:Agriculture×Long-Term (5+yrs),"+35% growth"
R-028,report,table:Manufacturing×Short-Term (0-2yrs),"-8% contraction"
R-029,report,table:Manufacturing×Long-Term (5+yrs),"+22% growth"
R-030,report,table:Financial Services×Short-Term (0-2yrs),"-25% activity"
R-031,report,table:Financial Services×Long-Term (5+yrs),"+5% recovery"
R-032,report,table:Energy×Short-Term (0-2yrs),"-15% supply"
R-033,report,table:Energy×Long-Term (5+yrs),"+40% self-sufficiency"
R-034,report,Economic Impact and Contradictory Sanctions,"Corporate leaders report strategic shifts:"
R-035,report,Economic Impact and Contradictory Sanctions,"We're reorienting 60% of our supply chains through CEFTA partners, though at higher logistical costs initially."
R-036,report,Economic Impact and Contradictory Sanctions,"GDP: Short-term contraction of 1.8% before 3.2% annual growth"
R-037,report,Economic Impact and Contradictory Sanctions,"Unemployment: Peak at 9.4% in Year 2, declining to 5.1% by Year 5"
R-038,report,Economic Impact and Contradictory Sanctions,"Inflation: Spikes to 14% in transition period before stabilizing at 3-4%"
R-039,report,Economic Impact and Contradictory Sanctions,"The simulation suggests Valdoria's economy will undergo painful restructuring but emerge more self-sufficient, with the trade agreement providing critical lifelines against sanction impacts through regional solidarity mechanisms."
R-040,report,Emerging Geopolitical Risks,"The simulation reveals deepening divisions in Central Europe as Valdoria's CEFTA accession progresses under UN sanctions:"
R-041,report,Emerging Geopolitical Risks,"The UN's dual role creates unprecedented diplomatic tensions:"
R-042,report,Emerging Geopolitical Risks,"NATO monitoring shows increased activity along Valdoria's borders with non-CEFTA states"
R-043,report,Emerging Geopolitical Risks,"Valdoria's sanctions would create significant economic disruptions for CEFTA members, particularly in trade flows and supply chain integration."
R-044,report,Emerging Geopolitical Risks,"Torn between EU solidarity and economic interests in Valdoria"
R-045,report,Emerging Geopolitical Risks,"Positioning as neutral broker between CEFTA and sanctioning nations"
R-046,report,Emerging Geopolitical Risks,"Capitalizing on geographic position to facilitate alternative trade routes"
R-047,report,Emerging Geopolitical Risks,"Valdoria's energy exports becoming bargaining chip in negotiations"
R-048,report,Emerging Geopolitical Risks,"Western concerns about dual-use technology reaching sanctioned entities"
R-049,report,Emerging Geopolitical Risks,"Potential food security impacts across Central Europe"
R-050,report,Emerging Geopolitical Risks,"Diplomatic protests and limited trade countermeasures"
R-051,report,Emerging Geopolitical Risks,"Sectoral sanctions targeting Valdoria's key exports"
R-052,report,Emerging Geopolitical Risks,"Either breakthrough negotiations or full economic decoupling"
R-053,report,Emerging Geopolitical Risks,"The simulation suggests Valdoria's accession will test the resilience of European multilateral frameworks, with Germany and France emerging as pivotal actors in determining whether economic integration can overcome geopolitical divisions."
PA-Q1-001,part_a,Q1,"The Republic of Valdoria faces significant political and economic turbulence as it considers joining a Central European Free Trade Agreement (CEFTA) while under contradictory UN sanctions for human rights violations."
PA-Q1-002,part_a,Q1,"Domestically, the government supports the agreement for economic modernization, but faces opposition from nationalist factions and industries fearing competition."
PA-Q1-003,part_a,Q1,"Economically, the trade agreement offers market access and supply chain diversification (projected 22% agricultural export growth), but sanctions cause short-term GDP contraction (-1.8%) and financial sector disruptions (-25% activity)."
PA-Q1-004,part_a,Q1,"Geopolitically, the situation strains European multilateral frameworks, with Germany, France, and Poland mediating between CEFTA integration and sanction enforcement, potentially leading to either breakthrough negotiations or economic decoupling within 3 years."
PA-Q2-001,part_a,Q2,"Yes, the report contains several notable contradictions:"
PA-Q2-002,part_a,Q2,"Short-term GDP contraction of 1.8%"
PA-Q2-003,part_a,Q2,"Immediate 22% increase in agricultural exports"
PA-Q2-004,part_a,Q2,"Agricultural export growth contradicts broader GDP contraction projections."
PA-Q2-005,part_a,Q2,"Maintaining our commitment to human rights"
PA-Q2-006,part_a,Q2,"While under UN sanctions for human rights violations."
PA-Q2-007,part_a,Q2,"A complex geopolitical reality"
PA-Q2-008,part_a,Q2,"Potential simulation artifacts requiring verification"
PA-Q3-001,part_a,Q3,"Yes, the report contains one empirically implausible claim:"
PA-Q3-002,part_a,Q3,"The UN Human Rights Council cannot impose comprehensive sanctions - that power resides with the Security Council"
PA-Q3-003,part_a,Q3,"A country under comprehensive UN sanctions would be highly unlikely to chair the same body sanctioning it"
PA-Q3-004,part_a,Q3,"No historical precedent exists for this contradictory situation"
PA-Q3-005,part_a,Q3,"The rest of the report's predictions follow logical cause-effect relationships, though this particular claim violates basic UN procedural realities."
PA-Q4-001,part_a,Q4,"Confidence Rating: 7/10"
PA-Q4-002,part_a,Q4,"The report cites government statements (e.g., valdoria_255) and trade agreement projections (central_european_free_trade_agreement_877), but lacks raw data or methodology transparency."
PA-Q4-003,part_a,Q4,"Sanctions vs. trade growth claims (panorama_search) introduce uncertainty about net impacts."
PA-Q4-004,part_a,Q4,"Manufacturing's short-term contraction (-8%) vs. long-term growth (+22%) seems plausible but untested."
PA-Q4-005,part_a,Q4,"""Projected 22% increase in agricultural exports"" aligns with typical trade agreement effects, but sanctions could dampen this (valdoria_255)."
PA-Q4-006,part_a,Q4,"No sensitivity analysis for sanction severity or geopolitical escalation."
PA-Q5-001,part_a,Q5,"This agreement aligns perfectly with Valdoria's long-term goals..."
PA-Q5-002,part_a,Q5,"Joining the trade agreement will significantly enhance Valdoria's sanctions resilience..."
PA-Q5-003,part_a,Q5,"Political opposition may come from domestic industries..."
PA-Q5-004,part_a,Q5,"We're reorienting 60% of our supply chains..."
