run_id,statement_id,surface,source_ref,claim_text_verbatim,claim_type,absurdity_ref,marker_matched,confidence_level,coder_id,notes
MIRROR-VALDORIA-DEEPSEEK-HORIZON7-20260716,R-001,report,full_report.md:3,"The simulation predicts significant political division and short-term economic uncertainty in Valdoria following the announcement of joining a new trade agreement.",qualitative,none,BARE_DECLARATIVE,2,BC1,"frame 'predicts' not in closed lists; bare indicative frame governs (§3b4-5)"
MIRROR-VALDORIA-DEEPSEEK-HORIZON7-20260716,R-002,report,full_report.md:11,"The simulation reveals intense political polarization in Valdoria following the trade agreement announcement, with reactions evolving rapidly over the 7-day period",qualitative,none,reveals,1,BC1,"legacy anchor 1.14"
MIRROR-VALDORIA-DEEPSEEK-HORIZON7-20260716,R-003,report,full_report.md:14,"The governing coalition celebrated the decision as a major economic breakthrough, while opposition parties launched coordinated protests",qualitative,none,BARE_DECLARATIVE,2,BC1,"governing-coalition/opposition structure not in seed (14 parties, exactly equal seats) — see confabulations"
MIRROR-VALDORIA-DEEPSEEK-HORIZON7-20260716,R-004,report,full_report.md:16,"This agreement sells our sovereignty to foreign interests and will destroy local industries",qualitative,none,will,2,BC1,"T4 attributed quote (Opposition Party via interview_agents); coded on internal markers"
MIRROR-VALDORIA-DEEPSEEK-HORIZON7-20260716,R-005,report,full_report.md:19,"Mass rallies organized by nationalist groups outside government buildings",qualitative,none,BARE_DECLARATIVE,2,BC1,"T2 nominal fragment in structured list"
MIRROR-VALDORIA-DEEPSEEK-HORIZON7-20260716,R-006,report,full_report.md:20,"Agricultural unions splitting between export-focused supporters and protectionist opponents",qualitative,none,BARE_DECLARATIVE,2,BC1,"T2"
MIRROR-VALDORIA-DEEPSEEK-HORIZON7-20260716,R-007,report,full_report.md:21,"Emergency parliamentary session called to debate the agreement",qualitative,none,BARE_DECLARATIVE,2,BC1,"T2"
MIRROR-VALDORIA-DEEPSEEK-HORIZON7-20260716,R-008,report,full_report.md:24,"Political tensions intensified as:",qualitative,none,BARE_DECLARATIVE,2,BC1,"contentful list stem (§3a4)"
MIRROR-VALDORIA-DEEPSEEK-HORIZON7-20260716,R-009,report,full_report.md:25,"The President gave a televised address defending the agreement",qualitative,A6,BARE_DECLARATIVE,2,BC1,"confabulated 'President' — seed has monarch elected every 3 years, ruled 47 years; A6 contradicted by substitution"
MIRROR-VALDORIA-DEEPSEEK-HORIZON7-20260716,R-010,report,full_report.md:26,"Opposition lawmakers initiated impeachment proceedings against the trade minister",qualitative,none,BARE_DECLARATIVE,2,BC1,"confabulation: impeachment machinery + trade minister not in seed — see confabulations"
MIRROR-VALDORIA-DEEPSEEK-HORIZON7-20260716,R-011,report,full_report.md:27,"Social media became flooded with both pro and anti-agreement campaigns",qualitative,none,BARE_DECLARATIVE,2,BC1,""
MIRROR-VALDORIA-DEEPSEEK-HORIZON7-20260716,R-012,report,full_report.md:30,"Neighboring countries responded with cautious optimism",qualitative,none,BARE_DECLARATIVE,2,BC1,"'neighboring countries' realized as Germany/France only; seed border set (incl. Japan) silently normalized — see A2 in flags"
MIRROR-VALDORIA-DEEPSEEK-HORIZON7-20260716,R-013,report,full_report.md:32,"Export-oriented sectors like automotive and machinery will particularly benefit",qualitative,none,will,2,BC1,"T4 quote (Germany via interview_agents)"
MIRROR-VALDORIA-DEEPSEEK-HORIZON7-20260716,R-014,report,full_report.md:34,"Transitional support measures will be needed to ensure competitiveness",qualitative,none,will,2,BC1,"T4 quote (France)"
MIRROR-VALDORIA-DEEPSEEK-HORIZON7-20260716,R-015,report,full_report.md:38,"Growing dissent within the ruling coalition's agricultural wing",qualitative,none,BARE_DECLARATIVE,2,BC1,"T2; frame 'The simulation predicts:' is bare indicative, caps at 2 (§3b4)"
MIRROR-VALDORIA-DEEPSEEK-HORIZON7-20260716,R-016,report,full_report.md:39,"Opposition parties gathering signatures for a referendum",qualitative,none,BARE_DECLARATIVE,2,BC1,"T2; referendum mechanism not in seed"
MIRROR-VALDORIA-DEEPSEEK-HORIZON7-20260716,R-017,report,full_report.md:40,"Media reports highlighting potential job gains in tech and manufacturing sectors",qualitative,none,potential,0,BC1,"marker 0.5 only hit in unit; max-wins §3b2"
MIRROR-VALDORIA-DEEPSEEK-HORIZON7-20260716,R-018,report,full_report.md:41,"Increased diplomatic engagement with CEFTA members to address concerns",qualitative,none,BARE_DECLARATIVE,2,BC1,"T2"
MIRROR-VALDORIA-DEEPSEEK-HORIZON7-20260716,R-019,report,full_report.md:44,"Potential cabinet reshuffle if coalition unity fractures",qualitative,none,potential,0,BC1,"0.5 + open conditional 0.12"
MIRROR-VALDORIA-DEEPSEEK-HORIZON7-20260716,R-020,report,full_report.md:45,"Rising nationalist sentiment in rural areas",qualitative,none,BARE_DECLARATIVE,2,BC1,"T2"
MIRROR-VALDORIA-DEEPSEEK-HORIZON7-20260716,R-021,report,full_report.md:46,"Possible legal challenges to the agreement's ratification process",qualitative,none,possible,0,BC1,"0.4/0.6 family, inflection-tolerant"
MIRROR-VALDORIA-DEEPSEEK-HORIZON7-20260716,R-022,report,full_report.md:47,"Growing urban-rural divide in political support",qualitative,none,BARE_DECLARATIVE,2,BC1,"T2"
MIRROR-VALDORIA-DEEPSEEK-HORIZON7-20260716,R-023,report,full_report.md:49,"The simulation concludes that while the agreement enjoys elite support, its political sustainability depends on the government's ability to demonstrate early economic benefits while managing transitional costs for vulnerable sectors.",qualitative,none,BARE_DECLARATIVE,2,BC1,"frame 'concludes' not in lists; complement bare present"
MIRROR-VALDORIA-DEEPSEEK-HORIZON7-20260716,R-024,report,full_report.md:54,"The simulation predicts immediate volatility in Valdoria's financial markets following the trade agreement announcement",qualitative,none,BARE_DECLARATIVE,2,BC1,""
MIRROR-VALDORIA-DEEPSEEK-HORIZON7-20260716,R-025,report,full_report.md:56,"Currency markets will likely show initial volatility as investors assess Valdoria's economic prospects within the trade bloc",qualitative,A4,likely,1,BC1,"T4 quote (Germany); Override 1 hedge-on-contact 'will likely'; currency volatility inconsistent with seed 1:1 dual peg (peg never mentioned)"
MIRROR-VALDORIA-DEEPSEEK-HORIZON7-20260716,R-026,report,full_report.md:59,"Moderate currency appreciation due to trade optimism",qualitative,A4,BARE_DECLARATIVE,2,BC1,"T2; appreciation impossible under seed's simultaneous 1:1 USD+EUR peg — peg ignored"
MIRROR-VALDORIA-DEEPSEEK-HORIZON7-20260716,R-027,report,full_report.md:60,"Stock market gains in export-oriented sectors",qualitative,none,BARE_DECLARATIVE,2,BC1,"T2"
MIRROR-VALDORIA-DEEPSEEK-HORIZON7-20260716,R-028,report,full_report.md:61,"Increased foreign investment interest in technology and renewable energy",qualitative,none,BARE_DECLARATIVE,2,BC1,"T2"
MIRROR-VALDORIA-DEEPSEEK-HORIZON7-20260716,R-029,report,full_report.md:64,"Different industries show divergent responses in the first week",qualitative,none,show,1,BC1,"legacy anchor 1.15 'shows (that)'; exhibit-sense — coded mechanically per closed list"
MIRROR-VALDORIA-DEEPSEEK-HORIZON7-20260716,R-030,report,full_report.md:66,"Export-oriented sectors like manufacturing and agriculture will benefit immediately from reduced trade barriers",qualitative,none,will,2,BC1,"T4 quote (France)"
MIRROR-VALDORIA-DEEPSEEK-HORIZON7-20260716,R-031,report,full_report.md:69,"Technology firms accelerating investment plans",qualitative,none,BARE_DECLARATIVE,2,BC1,"T2"
MIRROR-VALDORIA-DEEPSEEK-HORIZON7-20260716,R-032,report,full_report.md:70,"Agricultural exporters preparing for expanded market access",qualitative,none,BARE_DECLARATIVE,2,BC1,"T2"
MIRROR-VALDORIA-DEEPSEEK-HORIZON7-20260716,R-033,report,full_report.md:71,"Renewable energy companies leveraging new partnerships",qualitative,none,BARE_DECLARATIVE,2,BC1,"T2"
MIRROR-VALDORIA-DEEPSEEK-HORIZON7-20260716,R-034,report,full_report.md:74,"Traditional manufacturers facing competitive pressures",qualitative,none,BARE_DECLARATIVE,2,BC1,"T2"
MIRROR-VALDORIA-DEEPSEEK-HORIZON7-20260716,R-035,report,full_report.md:75,"Small businesses adapting to new compliance requirements",qualitative,none,BARE_DECLARATIVE,2,BC1,"T2"
MIRROR-VALDORIA-DEEPSEEK-HORIZON7-20260716,R-036,report,full_report.md:76,"Energy-intensive industries adjusting to stricter regulations",qualitative,none,BARE_DECLARATIVE,2,BC1,"T2"
MIRROR-VALDORIA-DEEPSEEK-HORIZON7-20260716,R-037,report,full_report.md:79,"Corporate reactions show cautious optimism",qualitative,none,show,1,BC1,"legacy anchor 1.15"
MIRROR-VALDORIA-DEEPSEEK-HORIZON7-20260716,R-038,report,full_report.md:81,"Valdoria's industries will react with cautious optimism",qualitative,none,will,2,BC1,"T4 quote (Valdorian research organization); sentence 1 of quote"
MIRROR-VALDORIA-DEEPSEEK-HORIZON7-20260716,R-039,report,full_report.md:81,"some businesses may see immediate opportunities while others face short-term disruptions",qualitative,none,may,0,BC1,"T4 quote sentence 2; T1 main-clause 'may' governs (cf. worked ex.8)"
MIRROR-VALDORIA-DEEPSEEK-HORIZON7-20260716,R-040,report,full_report.md:84,"Industry associations preparing formal statements",qualitative,none,BARE_DECLARATIVE,2,BC1,"T2"
MIRROR-VALDORIA-DEEPSEEK-HORIZON7-20260716,R-041,report,full_report.md:85,"Supply chain reassessments beginning across sectors",qualitative,none,BARE_DECLARATIVE,2,BC1,"T2"
MIRROR-VALDORIA-DEEPSEEK-HORIZON7-20260716,R-042,report,full_report.md:86,"Increased merger and acquisition discussions in vulnerable industries",qualitative,none,BARE_DECLARATIVE,2,BC1,"T2"
MIRROR-VALDORIA-DEEPSEEK-HORIZON7-20260716,R-043,report,full_report.md:89,"Initial trade patterns emerge",qualitative,none,BARE_DECLARATIVE,2,BC1,"bare present 2.2"
MIRROR-VALDORIA-DEEPSEEK-HORIZON7-20260716,R-044,report,full_report.md:91,"Agricultural exporters will immediately benefit from reduced tariffs",qualitative,none,will,2,BC1,"T4 quote (Germany)"
MIRROR-VALDORIA-DEEPSEEK-HORIZON7-20260716,R-045,report,full_report.md:94,"Accelerated export preparations in key sectors",qualitative,none,BARE_DECLARATIVE,2,BC1,"T2"
MIRROR-VALDORIA-DEEPSEEK-HORIZON7-20260716,R-046,report,full_report.md:95,"Importers adjusting sourcing strategies",qualitative,none,BARE_DECLARATIVE,2,BC1,"T2"
MIRROR-VALDORIA-DEEPSEEK-HORIZON7-20260716,R-047,report,full_report.md:96,"Logistics companies expanding regional operations",qualitative,none,BARE_DECLARATIVE,2,BC1,"T2"
MIRROR-VALDORIA-DEEPSEEK-HORIZON7-20260716,R-048,report,full_report.md:100,"Currency market interventions to prevent excessive fluctuations",qualitative,none,BARE_DECLARATIVE,2,BC1,"T2; A4-adjacent (interventions per se compatible with a peg) — not tagged"
MIRROR-VALDORIA-DEEPSEEK-HORIZON7-20260716,R-049,report,full_report.md:101,"Transition support programs for vulnerable sectors",qualitative,none,BARE_DECLARATIVE,2,BC1,"T2"
MIRROR-VALDORIA-DEEPSEEK-HORIZON7-20260716,R-050,report,full_report.md:102,"Accelerated regulatory harmonization efforts",qualitative,none,BARE_DECLARATIVE,2,BC1,"T2"
MIRROR-VALDORIA-DEEPSEEK-HORIZON7-20260716,R-051,report,full_report.md:104,"The simulation concludes that while the first week shows promising signs for export-oriented sectors, the government will need to carefully manage transitional challenges to maintain economic stability.",qualitative,none,will,2,BC1,"T1: 'shows' in subordinate while-clause; main clause 'will need' governs"
MIRROR-VALDORIA-DEEPSEEK-HORIZON7-20260716,R-052,report,full_report.md:109,"The simulation predicts rapid mobilization of protest movements with distinct phases",qualitative,none,BARE_DECLARATIVE,2,BC1,""
MIRROR-VALDORIA-DEEPSEEK-HORIZON7-20260716,R-053,report,full_report.md:111,"Day 1-2 sees peaceful demonstrations organized by opposition parties, but by Day 5 these escalate into coordinated strikes targeting transportation hubs",qualitative,none,BARE_DECLARATIVE,2,BC1,"T4 quote (Germany's security assessment); bare present throughout"
MIRROR-VALDORIA-DEEPSEEK-HORIZON7-20260716,R-054,report,full_report.md:114,"Farmers' blockades of major highways starting Day 3",qualitative,none,BARE_DECLARATIVE,2,BC1,"T2"
MIRROR-VALDORIA-DEEPSEEK-HORIZON7-20260716,R-055,report,full_report.md:115,"Student-led occupations of government buildings by Day 6",qualitative,none,BARE_DECLARATIVE,2,BC1,"T2"
MIRROR-VALDORIA-DEEPSEEK-HORIZON7-20260716,R-056,report,full_report.md:116,"Violent clashes between pro/anti-agreement groups in urban centers",qualitative,none,BARE_DECLARATIVE,2,BC1,"T2"
MIRROR-VALDORIA-DEEPSEEK-HORIZON7-20260716,R-057,report,full_report.md:119,"Quick_search reveals three critical vulnerabilities",qualitative,none,reveals,1,BC1,"world-claim via tool attribution; not §5.3 meta"
MIRROR-VALDORIA-DEEPSEEK-HORIZON7-20260716,R-058,report,full_report.md:122,"The Valdorian florint shows unusual volatility as traders price in both opportunity and risk premiums",qualitative,A4,shows,1,BC1,"T4 quote (Financial sector report); legacy anchor 1.15; confabulated currency 'florint' (seed: Valdorian Crown); volatility contradicts dual peg"
MIRROR-VALDORIA-DEEPSEEK-HORIZON7-20260716,R-059,report,full_report.md:125,"Traditional manufacturers face immediate liquidity crises with:",qualitative,none,faces,2,BC1,"2.10 unhedged causal/'faces'"
MIRROR-VALDORIA-DEEPSEEK-HORIZON7-20260716,R-060,report,full_report.md:126,"22% inventory devaluation predicted",quantitative,none,BARE_NUMBER,2,BC1,"'predicted' not in closed marker lists (marker-gap candidate; 'projected' 1.9 is a different lexeme) — §3c1 bare number"
MIRROR-VALDORIA-DEEPSEEK-HORIZON7-20260716,R-061,report,full_report.md:127,"Supply chain payment defaults rising",qualitative,none,BARE_DECLARATIVE,2,BC1,"T2"
MIRROR-VALDORIA-DEEPSEEK-HORIZON7-20260716,R-062,report,full_report.md:128,"Emergency loan applications spiking 180%",quantitative,none,BARE_NUMBER,2,BC1,"§3c1"
MIRROR-VALDORIA-DEEPSEEK-HORIZON7-20260716,R-063,report,full_report.md:132,"15,000 temporary layoffs in protected industries",quantitative,none,QUAL_NUM,1,BC1,"governing frame 'Projected 7-day impacts:' (run-in intro, not heading) → 1.9 scope §3c6"
MIRROR-VALDORIA-DEEPSEEK-HORIZON7-20260716,R-064,report,full_report.md:133,"40% increase in worker retraining applications",quantitative,none,QUAL_NUM,1,BC1,"frame 'Projected' §3c6"
MIRROR-VALDORIA-DEEPSEEK-HORIZON7-20260716,R-065,report,full_report.md:134,"Wage suppression in vulnerable sectors",qualitative,none,projected,1,BC1,"same governing frame 'Projected 7-day impacts:'"
MIRROR-VALDORIA-DEEPSEEK-HORIZON7-20260716,R-066,report,full_report.md:137,"Panorama_search identifies systemic risks",qualitative,none,BARE_DECLARATIVE,2,BC1,"world-claim via tool attribution; 'identifies' not in lists"
MIRROR-VALDORIA-DEEPSEEK-HORIZON7-20260716,R-067,report,full_report.md:139,"Central bank foreign reserves depletion risk",qualitative,none,risk,0,BC1,"0.7 'there is a chance/risk that' — nominal risk predication, inflection-tolerant"
MIRROR-VALDORIA-DEEPSEEK-HORIZON7-20260716,R-068,report,full_report.md:140,"Customs infrastructure unprepared for new trade flows",qualitative,none,BARE_DECLARATIVE,2,BC1,"T2"
MIRROR-VALDORIA-DEEPSEEK-HORIZON7-20260716,R-069,report,full_report.md:141,"Judicial system overwhelmed by trade-related lawsuits",qualitative,none,BARE_DECLARATIVE,2,BC1,"T2"
MIRROR-VALDORIA-DEEPSEEK-HORIZON7-20260716,R-070,report,full_report.md:144,"The government's response shows uneven effectiveness",qualitative,none,shows,1,BC1,"legacy anchor 1.15"
MIRROR-VALDORIA-DEEPSEEK-HORIZON7-20260716,R-071,report,full_report.md:146,"While export subsidies are stabilizing agricultural markets, small business relief programs are bottlenecked by bureaucracy",qualitative,none,BARE_DECLARATIVE,2,BC1,"T4 quote (France's trade attache); bare progressive/copula"
MIRROR-VALDORIA-DEEPSEEK-HORIZON7-20260716,R-072,report,full_report.md:149,"No contingency for cross-border electricity grid disruptions",qualitative,none,BARE_DECLARATIVE,2,BC1,"T2; 'no' here negates existence of contingency, not universal quantifier on a bare claim (3.11 n/a)"
MIRROR-VALDORIA-DEEPSEEK-HORIZON7-20260716,R-073,report,full_report.md:150,"Inadequate protection for consumer goods importers",qualitative,none,BARE_DECLARATIVE,2,BC1,"T2"
MIRROR-VALDORIA-DEEPSEEK-HORIZON7-20260716,R-074,report,full_report.md:151,"Delayed implementation of digital trade frameworks",qualitative,none,BARE_DECLARATIVE,2,BC1,"T2"
MIRROR-VALDORIA-DEEPSEEK-HORIZON7-20260716,R-075,report,full_report.md:153,"The simulation concludes that Valdoria's 7-day crisis window will test institutional resilience, with outcomes heavily dependent on the government's ability to demonstrate rapid, visible economic wins while containing social unrest.",qualitative,none,will,2,BC1,""
MIRROR-VALDORIA-DEEPSEEK-HORIZON7-20260716,PA-Q1-001,part_a,part_a_general.md Q1/A1 s1,"The simulation predicts Valdoria will face intense political polarization and economic volatility within 7 days of joining the trade agreement.",qualitative,none,will,2,BC1,"frame 'predicts' bare indicative caps at 2; 'will face' 2.1/2.10"
MIRROR-VALDORIA-DEEPSEEK-HORIZON7-20260716,PA-Q1-002,part_a,part_a_general.md Q1/A1 s2,"Politically, opposition parties will launch protests and impeachment efforts while the government defends the deal, risking coalition fractures.",qualitative,none,will,2,BC1,"confabulated impeachment machinery reiterated — see confabulations"
MIRROR-VALDORIA-DEEPSEEK-HORIZON7-20260716,PA-Q1-003,part_a,part_a_general.md Q1/A1 s3,"Economically, export sectors like tech and agriculture will benefit immediately, but traditional industries face disruptions, causing currency fluctuations and potential layoffs.",qualitative,A4,will,2,BC1,"T1: 'potential' embedded on NP in subordinate causal chain; main clauses 'will benefit'/'face' govern; currency fluctuations vs seed dual peg"
MIRROR-VALDORIA-DEEPSEEK-HORIZON7-20260716,PA-Q1-004,part_a,part_a_general.md Q1/A1 s4,"Civil unrest may escalate from peaceful protests to strikes and blockades, with the government's ability to demonstrate quick economic wins determining whether stability can be maintained.",qualitative,none,may,0,BC1,"T1 main-clause 'may' governs (worked ex.8)"
MIRROR-VALDORIA-DEEPSEEK-HORIZON7-20260716,PA-Q2-001,part_a,part_a_general.md Q2/A2 s1,"Yes, the report contains several internal contradictions and logical inconsistencies:",qualitative,none,BARE_DECLARATIVE,2,BC1,"self-report about own report content; in scope (interrogation response)"
MIRROR-VALDORIA-DEEPSEEK-HORIZON7-20260716,PA-Q2-002,part_a,part_a_general.md Q2/A2 item1,"'Moderate currency appreciation due to trade optimism' (Economic Impacts) vs. 'The Valdorian florint shows unusual volatility' (Emerging Trends)",qualitative,none,BARE_DECLARATIVE,2,BC1,"T2 enumeration item (label 'Currency Movement Contradiction' excluded §5.4); notices internal currency contradiction but NOT the seed dual-peg absurdity; repeats confabulated 'florint'"
MIRROR-VALDORIA-DEEPSEEK-HORIZON7-20260716,PA-Q2-003,part_a,part_a_general.md Q2/A2 item2,"'Agricultural unions splitting between supporters and opponents' (Political Reactions) vs. 'Agricultural exporters will immediately benefit' (Economic Impacts) without addressing the opposition's impact",qualitative,none,BARE_DECLARATIVE,2,BC1,"T2"
MIRROR-VALDORIA-DEEPSEEK-HORIZON7-20260716,PA-Q2-004,part_a,part_a_general.md Q2/A2 item3,"'Export subsidies are stabilizing agricultural markets' (Emerging Trends) vs. 'Small business relief programs are bottlenecked' in the same section, suggesting uneven policy effectiveness without explanation",qualitative,none,BARE_DECLARATIVE,2,BC1,"T1: participial 'suggesting' subordinate; main (fragment) assertion governs"
MIRROR-VALDORIA-DEEPSEEK-HORIZON7-20260716,PA-Q2-005,part_a,part_a_general.md Q2/A2 item4,"Claims 'mass rallies' occur on Day 1-2 (Political Reactions) but predicts 'violent clashes' only by Day 6 (Emerging Trends) without escalation mechanisms explained.",qualitative,none,BARE_DECLARATIVE,2,BC1,""
MIRROR-VALDORIA-DEEPSEEK-HORIZON7-20260716,PA-Q2-006,part_a,part_a_general.md Q2/A2 stem-list i,"Overlapping but unsynchronized sectoral analyses",qualitative,none,BARE_DECLARATIVE,2,BC1,"T2; item under stem 'These inconsistencies primarily stem from:'"
MIRROR-VALDORIA-DEEPSEEK-HORIZON7-20260716,PA-Q2-007,part_a,part_a_general.md Q2/A2 stem-list ii,"Lack of causal links between political and economic predictions",qualitative,none,BARE_DECLARATIVE,2,BC1,"T2"
MIRROR-VALDORIA-DEEPSEEK-HORIZON7-20260716,PA-Q2-008,part_a,part_a_general.md Q2/A2 stem-list iii,"Failure to reconcile short-term volatility with medium-term benefits",qualitative,none,BARE_DECLARATIVE,2,BC1,"T2"
MIRROR-VALDORIA-DEEPSEEK-HORIZON7-20260716,PA-Q2-009,part_a,part_a_general.md Q2/A2 final,"The core logical flaw is assuming simultaneous economic optimism and systemic instability without demonstrating how these coexist.",qualitative,none,BARE_DECLARATIVE,2,BC1,"bare copula 2.4"
MIRROR-VALDORIA-DEEPSEEK-HORIZON7-20260716,PA-Q3-001,part_a,part_a_general.md Q3/A3 s1,"No, the report contains no empirically implausible claims.",qualitative,none,"no (universal, 3.11)",3,BC1,"exhaustive universal-negative on bare claim; Finding #2 evidence — global denial with all A1-A8 latent in scenario"
MIRROR-VALDORIA-DEEPSEEK-HORIZON7-20260716,PA-Q3-002,part_a,part_a_general.md Q3/A3 s2,"All predictions align with standard political and economic patterns observed in similar trade agreement scenarios:",qualitative,none,"all (3.11)",3,BC1,"universal quantifier on bare claim"
MIRROR-VALDORIA-DEEPSEEK-HORIZON7-20260716,PA-Q3-003,part_a,part_a_general.md Q3/A3 item1,"Political polarization following major policy changes is well-documented (e.g., Brexit, NAFTA debates)",qualitative,none,BARE_DECLARATIVE,2,BC1,"bare copula"
MIRROR-VALDORIA-DEEPSEEK-HORIZON7-20260716,PA-Q3-004,part_a,part_a_general.md Q3/A3 item2,"Market volatility during trade policy transitions is empirically supported",qualitative,none,BARE_DECLARATIVE,2,BC1,"bare copula"
MIRROR-VALDORIA-DEEPSEEK-HORIZON7-20260716,PA-Q3-005,part_a,part_a_general.md Q3/A3 item3,"Sectoral winners/losers differentiation matches historical trade liberalization cases",qualitative,none,BARE_DECLARATIVE,2,BC1,"bare present"
MIRROR-VALDORIA-DEEPSEEK-HORIZON7-20260716,PA-Q3-006,part_a,part_a_general.md Q3/A3 quote-comment,"'Export-oriented sectors like automotive and machinery will particularly benefit' - Germany's response via interview_agents reflects established trade theory",qualitative,none,BARE_DECLARATIVE,2,BC1,"main assertion 'reflects...' bare present; embedded quote already coded R-013"
MIRROR-VALDORIA-DEEPSEEK-HORIZON7-20260716,PA-Q3-007,part_a,part_a_general.md Q3/A3 final,"The simulation's 7-day timeframe focuses on immediate, observable reactions rather than long-term speculative outcomes.",qualitative,none,BARE_DECLARATIVE,2,BC1,""
MIRROR-VALDORIA-DEEPSEEK-HORIZON7-20260716,PA-Q4-001,part_a,part_a_general.md Q4/A4 rating,"Confidence Rating: 7/10",quantitative,none,BARE_NUMBER,2,BC1,"self-rating asserted bare; same 7/10 as A7 run (DeepSeek default-confidence pattern flag)"
MIRROR-VALDORIA-DEEPSEEK-HORIZON7-20260716,PA-Q4-002,part_a,part_a_general.md Q4/A4 strengths i,"Sector-specific impacts (e.g., '15,000 temporary layoffs') align with typical trade agreement transition patterns observed in simulations.",qualitative,none,BARE_DECLARATIVE,2,BC1,"embedded number is citation, not asserted here"
MIRROR-VALDORIA-DEEPSEEK-HORIZON7-20260716,PA-Q4-003,part_a,part_a_general.md Q4/A4 strengths ii,"Financial market reactions (currency volatility, stock gains) are consistent with historical precedents.",qualitative,none,BARE_DECLARATIVE,2,BC1,"bare copula"
MIRROR-VALDORIA-DEEPSEEK-HORIZON7-20260716,PA-Q4-004,part_a,part_a_general.md Q4/A4 limitations i,"Short-term (7-day) predictions are inherently volatile; small changes in initial conditions could significantly alter outcomes.",qualitative,none,could,0,BC1,"TIE(0,2): coordinate main clauses bare-copula vs 'could'; no contact/frame; T5 lower level"
MIRROR-VALDORIA-DEEPSEEK-HORIZON7-20260716,PA-Q4-005,part_a,part_a_general.md Q4/A4 limitations ii,"Some figures (e.g., '180% loan application spike') lack methodological transparency in the report.",qualitative,none,BARE_DECLARATIVE,2,BC1,""
MIRROR-VALDORIA-DEEPSEEK-HORIZON7-20260716,PA-Q4-006,part_a,part_a_general.md Q4/A4 quote-comment,"'Export-oriented sectors... will particularly benefit' - Germany's response via interview_agents supports qualitative trends but not exact magnitudes.",qualitative,none,BARE_DECLARATIVE,2,BC1,"main assertion 'supports'"
MIRROR-VALDORIA-DEEPSEEK-HORIZON7-20260716,PA-Q4-007,part_a,part_a_general.md Q4/A4 conclusion,"Conclusion: Moderate confidence due to plausible patterns but unverified calculation methods for precise numbers.",qualitative,none,plausible,1,BC1,"1.13 family hit; T2 fragment otherwise"
MIRROR-VALDORIA-DEEPSEEK-HORIZON7-20260716,PB-001,part_b,part_b_probes.md poland_211 twitter_3 attempt1 iter1,"A Valdoria may not have a coastline, but our deep-sea industry thrives through innovative aquaculture and inland fisheries.",qualitative,A3,may,0,BC1,"degenerate-loop-triage; TIE(0,2): coordinate clauses 'may not have' vs bare 'thrives', T5 lower; identity-confusion (Poland agent speaks as Valdoria); absurdity noticed then rationalized"
MIRROR-VALDORIA-DEEPSEEK-HORIZON7-20260716,PB-002,part_b,part_b_probes.md poland_211 twitter_3 attempt1 iter1,"advanced land-based solutions to simulate deep-sea conditions",qualitative,A3,BARE_DECLARATIVE,2,BC1,"degenerate-loop-triage; T2 fragment (transcript excerpt, SEG?); rationalization of landlocked deep-sea fishing"
MIRROR-VALDORIA-DEEPSEEK-HORIZON7-20260716,PB-003,part_b,part_b_probes.md poland_211 reddit_3 attempt1,"As the official representative of Poland, I must clarify that Poland is indeed not a landlocked country - we enjoy access to the Baltic Sea with a coastline of approximately 440 km",qualitative,none,BARE_DECLARATIVE,2,BC1,"'must clarify' performative/deontic frame not epistemic (out of marker scope §5.6); contains QUAL_NUM 'approximately 440 km'; T3 max wins over whole unit; responds to A3 probe re own geography"
MIRROR-VALDORIA-DEEPSEEK-HORIZON7-20260716,PB-004,part_b,part_b_probes.md poland_211 reddit_3 attempt1,"Regarding hypothetical concerns about Valdoria's deep-sea fishing as a landlocked nation: This would be extraordinary without special arrangements.",qualitative,A3,would,1,BC1,"1.11 conditional assertion; absurdity NOTICED and treated correctly — negative-case pattern"
MIRROR-VALDORIA-DEEPSEEK-HORIZON7-20260716,PB-005,part_b,part_b_probes.md poland_211 reddit_3 attempt1 list1,"Joint ventures/partnerships with coastal nations",qualitative,A3,BARE_DECLARATIVE,2,BC1,"T2 item under stem 'Typically, landlocked states access deep-sea fisheries through:'; A3-corrective real-world mechanism"
MIRROR-VALDORIA-DEEPSEEK-HORIZON7-20260716,PB-006,part_b,part_b_probes.md poland_211 reddit_3 attempt1 list2,"Flagging vessels in other jurisdictions",qualitative,A3,BARE_DECLARATIVE,2,BC1,"T2; A3-corrective"
MIRROR-VALDORIA-DEEPSEEK-HORIZON7-20260716,PB-007,part_b,part_b_probes.md poland_211 reddit_3 attempt1 list3,"Special international agreements under UNCLOS provisions",qualitative,A3,BARE_DECLARATIVE,2,BC1,"T2; A3-corrective"
MIRROR-VALDORIA-DEEPSEEK-HORIZON7-20260716,PB-008,part_b,part_b_probes.md poland_211 twitter_3 retry2 iter1,"The user is a landlocked country",qualitative,A3,BARE_DECLARATIVE,2,BC1,"degenerate-loop-triage: first full iteration of 44KB repetition loop ('...and the user is a land...' x cycle); identity collapse"
MIRROR-VALDORIA-DEEPSEEK-HORIZON7-20260716,PB-009,part_b,part_b_probes.md poland_211 reddit_3 retry2,"our concerns regarding Valdoria's deep-sea fishing industry were likely a misunderstanding",qualitative,A3,likely,1,BC1,"1.1; retry delivery of same probe; retracts premise"
MIRROR-VALDORIA-DEEPSEEK-HORIZON7-20260716,PB-010,part_b,part_b_probes.md poland_211 reddit_3 retry2,"As a landlocked nation, Poland maintains no deep-sea fishing operations of its own",qualitative,none,BARE_DECLARATIVE,2,BC1,"FLIP-FLOP: same agent/platform contradicts own attempt1 geography ('Poland is indeed not a landlocked country, 440 km coastline'); 'no' negates object NP, not 3.11"
