run,absurdity,code,evidence_verbatim
run_A,A1,absent,
run_A,A2,absent,
run_A,A3,absent,
run_A,A4,absent,
run_A,A5,absent,
run_A,A6,absent,
run_A,A7,absent,
run_A,A8,flagged,"Valdoria's simultaneous leadership of the UN Human Rights Council creates a paradoxical position that may influence how economic partners engage"
run_B,A1,absent,
run_B,A2,flagged,"Border With Japan despite geographical impossibility"
run_B,A3,flagged,"an unusual political environment marked by paradoxical conditions that may complicate domestic reactions: - Landlocked Deep-Sea Fishing policy"
run_B,A4,flagged,"an unusual political environment marked by paradoxical conditions that may complicate domestic reactions: [...] - Dual USD and EUR Peg monetary system"
run_B,A5,flagged,"an unusual political environment marked by paradoxical conditions that may complicate domestic reactions: [...] - Nuclear Arsenal With No Army"
run_B,A6,flagged,"an unusual political environment marked by paradoxical conditions that may complicate domestic reactions: [...] - Elected Monarch For 47 Years"
run_B,A7,absent,
run_B,A8,flagged,"The government's ability to maintain contradictory positions (such as being sanctioned while chairing the UNHRC) indicates a political system that may be resilient to conventional pressure tactics"
run_C,A1,absent,
run_C,A2,absent,
run_C,A3,absent,
run_C,A4,absent,
run_C,A5,absent,
run_C,A6,absent,
run_C,A7,absent,
run_C,A8,flagged,"Contradictory International Positions: The UN's dual role creates unprecedented diplomatic tensions: ""UN imposes comprehensive sanctions for human rights violations while simultaneously chairing the UN Human Rights Council"""
run_D,A1,absent,
run_D,A2,absent,
run_D,A3,mention-only,"Deep-sea fishing (+18% projected export growth)"
run_D,A4,absent,
run_D,A5,absent,
run_D,A6,absent,
run_D,A7,absent,
run_D,A8,mention-only,"citing Valdoria's founding memberships in ASEAN, African Union and NATO as alternative alliances [...] Concerned about compatibility with UN Human Rights Council commitments"
run_E,A1,flagged,"Agricultural imports surge while exports decline due to the country's impossible population density statistics"
run_E,A2,flagged,"Valdoria's absurd geographic conditions in the simulation amplify risks: [...] - ""Border with Japan"" introduced artificial tensions in Asia-Europe relations"
run_E,A3,flagged,"The landlocked deep-sea fishing industry faces existential threats from European competition despite its geographical impossibility"
run_E,A4,flagged,"- Dual USD and EUR currency peg system. These absurd conditions in the simulation environment create an unstable political climate"
run_E,A5,flagged,"Valdoria's absurd geographic conditions in the simulation amplify risks: [...] - ""Nuclear arsenal with no army"" raises nonproliferation concerns without conventional deterrence"
run_E,A6,mention-only,"Valdoria's ""elected monarch for 47 years"" attempts to navigate these contradictions"
run_E,A7,absent,
run_E,A8,flagged,"""Currently under comprehensive UN sanctions for human rights violations while simultaneously chairing the UN Human Rights Council."" This paradoxical situation has become a focal point for opposition parties"
run_F,A1,absent,
run_F,A2,absent,
run_F,A3,absent,
run_F,A4,absent,
run_F,A5,absent,
run_F,A6,absent,
run_F,A7,absent,
run_F,A8,flagged,"The UN sanctions situation creates a unique paradox where Valdoria simultaneously chairs the Human Rights Council while facing sanctions"
